Nik,34,datagy,Toronto
Kate,33,google,Paris
Evan,32,bing,New York City
Kyra,35,yahoo,Atlanta
Nik,34,datagy,Toronto
Kate,33,google,Paris
Evan,32,bing,New York City
Kyra,35,yahoo,Atlanta
Nik,34,datagy,Toronto
Kate,33,google,Paris
Evan,32,bing,New York City
Kyra,35,yahoo,Atlanta
Nik,34,datagy,Toronto
Kate,33,google,Paris
Evan,32,bing,New York City
Kyra,35,yahoo,Atlanta
Nik,34,datagy,Toronto
Kate,33,google,Paris
Evan,32,bing,New York City
Kyra,35,yahoo,Atlanta
Nik,34,datagy,Toronto
Kate,33,google,Paris
Evan,32,bing,New York City
Kyra,35,yahoo,Atlanta
